city_id,Cloudiness,Country,Humidity,Latitude,Longitude,Temperature (F),Wind Speed,Date,City
0,90,US,71,40.8584,-74.1638,57.2,23.02,1619032690,clifton
1,0,CL,68,-30.0319,-70.7081,66.2,14.97,1619032816,vicuna
2,12,RU,68,69.7008,170.3133,20.77,17.83,1619032640,pevek
3,0,ZA,77,-33.9258,18.4232,66.2,9.22,1619032572,cape town
4,75,EC,78,-0.7393,-90.3518,80.6,11.5,1619032817,puerto ayora
5,38,CN,86,18.8003,110.3967,75.94,5.93,1619032817,wanning
6,80,NA,89,-28.55,16.4333,61.25,5.55,1619032817,oranjemund
7,100,SD,36,11.0167,29.7167,89.38,9.73,1619032818,kaduqli
8,10,IN,74,9.7333,79.0167,84.13,13.29,1619032818,tondi
9,75,UY,53,-34.8603,-56.0522,75.2,17.27,1619032819,paso de carrasco
10,1,US,51,64.5011,-165.4064,32.0,3.44,1619032819,nome
11,94,NZ,97,-46.1927,168.8643,46.99,1.01,1619032819,mataura
12,7,MV,66,-0.6,73.0833,82.8,4.97,1619032820,hithadhoo
13,100,RU,87,63.05,179.3167,17.26,3.44,1619032820,beringovskiy
14,20,ZA,94,-33.918,25.5701,68.0,11.5,1619032821,port elizabeth
15,1,US,53,30.153,-85.5699,78.01,14.97,1619032821,callaway
16,12,VU,87,-19.55,169.2667,77.59,5.39,1619032821,isangel
17,94,GB,65,58.2093,-6.3865,45.0,6.91,1619032638,stornoway
18,20,AR,94,-38.0023,-57.5575,69.8,21.85,1619032573,mar del plata
19,100,US,69,42.6001,-73.9662,39.0,1.99,1619032822,albany
20,100,AU,95,-33.65,115.3333,53.01,10.13,1619032823,busselton
21,40,US,61,19.7297,-155.09,80.6,4.97,1619032805,hilo
22,69,ID,90,-3.8004,102.2655,75.76,3.87,1619032823,bengkulu
23,100,ID,89,0.1333,117.5,77.29,6.73,1619032824,bontang
24,29,RU,97,60.34,102.2797,6.48,0.56,1619032824,vanavara
25,100,RU,72,42.4308,130.6434,46.08,2.13,1619032824,khasan
26,75,RU,93,59.7035,30.7861,36.0,2.24,1619032825,nikolskoye
27,0,RO,100,45.7583,21.1122,51.01,5.75,1619032825,sacalaz
28,7,CA,20,55.1001,-105.2842,60.8,9.22,1619032826,la ronge
29,0,HK,83,22.2855,114.1577,73.99,6.38,1619032807,victoria
30,86,CL,80,-37.6167,-73.65,56.07,16.42,1619032648,lebu
31,75,MU,94,-20.3428,57.7575,77.0,9.22,1619032826,bambous virieux
32,10,PF,68,-9.8,-139.0333,80.74,21.34,1619032827,atuona
33,19,ZA,83,-34.4187,19.2345,64.99,4.0,1619032827,hermanus
34,26,TH,79,14.708,101.4161,87.01,3.6,1619032828,pak chong
35,75,BD,74,23.6,89.8333,84.2,9.22,1619032828,faridpur
36,100,RU,69,68.75,161.3,27.55,18.66,1619032829,cherskiy
37,100,NG,48,12.1628,6.6614,84.09,14.07,1619032829,gusau
38,20,IS,53,66.0449,-17.3389,46.4,14.97,1619032829,husavik
39,75,CA,76,50.6996,-127.4199,51.8,16.11,1619032536,port hardy
40,69,AU,76,-42.8794,147.3294,53.01,6.91,1619032548,hobart
41,100,KI,78,3.0707,172.7902,82.09,17.81,1619032830,butaritari
42,100,PG,78,-2.5744,150.7967,79.86,4.97,1619032831,kavieng
43,100,RU,90,71.6872,128.8694,8.94,10.07,1619032831,tiksi
44,42,IN,68,10.5669,72.642,84.06,6.89,1619032832,kavaratti
45,0,AR,53,-54.8,-68.3,50.0,0.74,1619032782,ushuaia
46,0,AF,42,34.5,62.0,63.63,7.31,1619032832,herat
47,100,CN,58,40.81,114.8794,50.22,7.29,1619032833,zhangjiakou
48,1,US,79,71.2906,-156.7887,19.4,6.91,1619032833,barrow
49,100,BR,75,-2.9248,-39.9167,81.37,7.16,1619032833,itarema
50,11,AU,78,-15.7667,128.7333,69.8,4.61,1619032834,kununurra
51,100,NZ,97,-46.6,168.3333,46.99,1.01,1619032834,bluff
52,0,NO,65,70.3705,31.1107,37.4,3.44,1619032835,vardo
53,20,GL,47,65.6145,-37.6368,30.2,13.8,1619032835,tasiilaq
54,0,ZA,39,-24.5917,27.4116,63.21,3.89,1619032835,thabazimbi
55,16,RU,85,60.0625,71.4789,25.27,4.47,1619032836,salym
56,99,ZA,94,-34.5322,20.0403,60.8,9.22,1619032836,bredasdorp
57,100,SB,80,-8.145,159.5921,79.36,1.72,1619032837,buala
58,1,MX,65,20.7,-105.2,82.4,12.66,1619032837,ixtapa
59,75,MU,94,-20.4081,57.7,77.0,9.22,1619032838,mahebourg
60,0,BR,61,-21.6403,-41.0511,80.6,11.5,1619032838,sao joao da barra
61,75,GF,78,4.9333,-52.3333,82.99,12.66,1619032838,cayenne
62,20,LK,100,6.1241,81.1185,77.0,3.44,1619032839,hambantota
63,1,IN,60,24.5,93.7667,65.32,1.52,1619032839,moirang
64,100,CN,73,43.6475,111.9767,55.44,8.57,1619032840,erenhot
65,40,PF,65,-17.5333,-149.3333,82.4,2.3,1619032840,tiarei
66,0,JP,63,39.2667,141.8833,43.81,9.93,1619032841,kamaishi
67,40,IT,100,37.0881,15.2792,60.8,10.36,1619032622,syracuse
68,100,SS,71,4.7717,33.5903,75.65,4.14,1619032841,kapoeta
69,100,PT,74,32.6667,-17.1,64.0,3.0,1619032842,ponta do sol
70,20,JP,93,35.7333,140.8333,46.4,2.3,1619032842,hasaki
71,62,ID,97,-0.583,117.095,72.99,2.44,1619032843,loa janan
72,0,MA,59,35.174,-2.9287,66.2,5.75,1619032843,nador
73,90,US,76,41.3712,-73.414,54.0,9.22,1619032598,bethel
74,33,CA,71,48.6499,-53.1147,48.2,1.14,1619032844,bonavista
75,0,BW,49,-18.3667,21.85,65.73,5.77,1619032844,shakawe
76,1,CA,32,55.7435,-97.8558,50.0,9.22,1619032845,thompson
77,75,PT,82,33.072,-16.3415,66.2,12.66,1619032845,porto santo
78,75,ZA,82,-33.0153,27.9116,66.2,13.8,1619032722,east london
79,75,CK,73,-21.2078,-159.775,78.8,13.8,1619032846,avarua
80,100,RU,93,68.5333,146.4167,18.37,15.97,1619032846,belaya gora
81,3,PF,72,-23.1203,-134.9692,78.22,12.88,1619032633,rikitea
82,20,US,66,57.0531,-135.33,46.4,4.61,1619032847,sitka
83,95,AU,67,-42.7826,147.0587,52.0,5.99,1619032847,new norfolk
84,90,US,86,42.097,-79.2353,33.01,11.5,1619032768,jamestown
85,100,CA,71,45.5834,-62.6486,53.01,16.11,1619032851,new glasgow
86,40,TO,94,-21.2,-175.2,73.4,3.44,1619032852,vaini
87,100,RU,89,71.9667,102.5,8.65,14.14,1619032852,khatanga
88,0,CL,66,-53.15,-70.9167,46.4,9.22,1619032853,punta arenas
89,40,BR,83,-22.9661,-42.0278,73.4,9.22,1619032853,arraial do cabo
90,100,AU,90,-38.2667,141.9667,50.9,11.16,1619032647,codrington
91,99,NU,94,-19.0595,-169.9187,78.8,5.75,1619032854,alofi
92,100,BR,67,-30.1811,-50.2056,70.93,17.65,1619032854,cidreira
93,100,PH,75,11.1373,123.7228,82.11,11.43,1619032854,sulangan
94,9,PE,75,-11.0964,-77.6139,72.57,10.74,1619032855,hualmay
95,20,VU,100,-13.8833,167.55,77.0,12.08,1619032855,sola
96,40,BR,68,-23.3156,-46.2214,73.4,6.91,1619032856,santa isabel
97,40,US,78,22.0752,-159.319,78.01,5.75,1619032645,kapaa
98,100,BR,76,-2.8856,-40.12,81.43,7.54,1619032856,acarau
99,0,RU,49,69.4154,30.8136,42.8,5.75,1619032857,zapolyarnyy
100,90,US,71,39.9523,-75.1638,52.0,17.27,1619032598,filadelfia
101,40,CL,35,-33.7333,-70.75,73.4,8.05,1619032857,buin
102,99,NZ,97,-45.8742,170.5036,51.01,3.6,1619032858,dunedin
103,0,ZM,48,-14.97,22.6814,67.37,5.93,1619032858,kalabo
104,54,MZ,99,-16.8392,36.9856,69.12,4.43,1619032859,mocuba
105,40,MX,79,15.85,-97.0667,87.8,10.36,1619032859,puerto escondido
106,90,CA,79,69.4541,-133.0374,12.2,27.63,1619032859,tuktoyaktuk
107,37,BD,89,20.8624,92.3058,77.52,2.55,1619032860,teknaf
108,75,CA,59,65.282,-126.8329,26.6,16.11,1619032860,norman wells
109,99,CN,15,42.8,93.45,68.81,6.06,1619032861,hami
110,73,NZ,93,-45.4167,167.7167,47.46,0.76,1619032666,te anau
111,0,AU,53,-23.7,133.8833,50.0,5.75,1619032861,alice springs
112,6,JP,49,33.7333,135.9833,53.83,7.43,1619032862,shingu
113,97,ID,96,-2.9701,119.8978,65.53,2.55,1619032862,rantepao
114,100,IN,83,25.5198,90.2201,71.4,9.28,1619032863,tura
115,100,RU,79,57.8,158.6667,30.4,11.81,1619032863,tigil
116,100,BR,56,-7.5989,-40.8178,83.3,3.69,1619032863,simoes
117,0,AZ,59,40.8192,49.4687,62.6,20.71,1619032864,suraabad
118,15,CI,58,7.0626,-4.4995,85.1,1.95,1619032864,bocanda
119,100,BY,93,52.6333,29.7333,44.94,6.24,1619032865,svetlogorsk
120,94,CO,45,11.7751,-72.4445,89.62,17.78,1619032865,manaure
121,100,PH,82,10.9995,122.6711,77.9,7.76,1619032866,dingle
122,86,RU,86,53.6679,87.4362,22.03,0.6,1619032866,tayzhina
123,40,ID,83,-8.19,114.9675,77.0,3.44,1619032866,banjar
124,100,RU,78,65.441,52.1498,42.96,9.19,1619032867,ust-tsilma
125,91,RU,93,60.4667,166.1,15.15,7.25,1619032867,tilichiki
126,95,BR,66,-24.7911,-50.0119,65.52,7.54,1619032868,castro
127,100,GL,73,77.484,-69.3632,14.14,8.55,1619032634,qaanaaq
128,75,PT,94,37.7333,-25.6667,62.6,14.97,1619032868,ponta delgada
129,40,MY,89,5.4112,100.3354,82.0,2.3,1619032626,georgetown
130,75,RE,83,-21.3585,55.7679,77.0,12.66,1619032869,saint-philippe
131,75,US,39,38.8403,-97.6114,48.0,10.36,1619032869,salina
132,62,BR,74,-3.41,-39.0306,82.0,8.99,1619032870,paracuru
133,4,MG,80,-25.1667,45.05,70.07,16.46,1619032870,beloha
134,100,RU,71,43.919,46.7102,53.56,7.74,1619032871,pervomayskoye
135,68,RU,98,58.1831,94.7592,12.99,2.53,1619032871,motygino
136,90,US,87,57.79,-152.4072,41.0,20.71,1619032871,kodiak
137,73,NC,70,-22.6667,167.4833,74.66,7.92,1619032872,vao
138,75,US,87,40.5982,-124.1573,55.0,12.66,1619032872,fortuna
139,0,QA,74,25.2867,51.5333,82.0,5.75,1619032873,doha
140,7,SD,20,16.1525,36.2032,94.69,12.39,1619032873,wagar
141,75,BO,78,-17.8,-63.1667,80.6,11.5,1619032666,santa cruz
142,90,US,70,42.1428,-77.0547,37.4,10.36,1619032874,corning
143,100,AU,100,-12.2333,136.7667,75.2,4.61,1619032874,nhulunbuy
144,0,KZ,70,41.2547,67.9692,43.88,12.64,1619032874,chardara
145,12,MX,53,27.9769,-114.0611,66.4,12.08,1619032875,guerrero negro
146,99,NA,81,-22.116,14.2845,66.99,1.99,1619032875,henties bay
147,20,TH,94,7.9178,98.3332,86.0,11.07,1619032875,kathu
148,100,RU,94,73.5069,80.5464,29.19,15.14,1619032634,dikson
149,0,PK,57,33.4244,70.7364,65.05,2.1,1619032876,doaba
150,83,PK,17,28.4914,66.2585,64.81,4.63,1619032876,surab
151,75,PT,94,38.5167,-28.7,64.4,26.46,1619032877,ribeira grande
152,65,TL,95,-8.9266,125.4092,57.69,2.21,1619032877,airai
153,90,GB,70,60.3964,-1.353,44.6,16.11,1619032878,brae
154,67,RU,98,58.4497,92.1703,15.94,2.13,1619032878,yeniseysk
155,97,ZA,95,-34.0033,24.7314,63.0,1.99,1619032878,kruisfontein
156,99,MY,98,2.0167,112.9333,72.68,0.63,1619032879,kapit
157,60,YE,48,13.8141,44.6301,74.35,3.04,1619032879,bajah
158,63,RU,94,62.0961,77.475,11.84,2.91,1619032880,raduzhnyy
159,99,ID,85,-0.8833,131.25,78.76,2.28,1619032880,sorong
160,77,ID,89,-9.1061,124.8925,70.56,4.72,1619032881,atambua
161,100,RU,37,50.3691,119.1012,54.36,11.3,1619032881,priargunsk
162,100,CN,96,31.1783,115.0319,59.83,6.35,1619032881,macheng
163,100,AU,55,-28.7667,114.6,64.4,5.75,1619032882,geraldton
164,20,PF,74,-16.4833,-151.75,81.46,13.51,1619032663,faanui
165,1,BR,44,-14.4547,-56.8028,89.71,3.36,1619032882,nortelandia
166,75,BR,64,-32.035,-52.0986,73.4,17.27,1619032883,rio grande
167,100,AR,63,-34.6515,-59.4307,79.0,4.0,1619032883,mercedes
168,15,AU,88,-24.8667,113.6333,64.4,6.91,1619032628,carnarvon
169,90,TZ,81,-4.9667,39.8333,80.24,13.13,1619032884,micheweni
170,96,US,86,43.1548,-77.6156,35.01,5.01,1619032800,rochester
171,100,PG,80,-2.0226,147.2712,81.54,6.31,1619032884,lorengau
172,100,PH,85,8.1064,122.6208,77.18,5.01,1619032885,patawag
173,57,AO,82,-15.1961,12.1522,80.73,10.71,1619032885,namibe
174,7,SD,8,14.2,24.6667,83.19,8.55,1619032885,kutum
175,100,KZ,68,44.5086,50.263,59.2,7.34,1619032886,fort-shevchenko
176,40,CA,76,44.6453,-63.5724,60.01,13.8,1619032802,halifax
177,100,AR,78,-43.3002,-65.1023,65.32,16.51,1619032716,rawson
178,20,BR,41,-22.7311,-48.5706,80.6,6.91,1619032887,sao manuel
179,100,PG,94,-6.3164,155.4848,67.95,1.3,1619032887,panguna
180,0,MX,31,17.9583,-102.2,86.38,11.3,1619032887,lazaro cardenas
181,62,CN,94,23.2281,110.8261,73.0,0.76,1619032861,jinji
182,6,PY,25,-25.1833,-56.4,89.2,5.84,1619032888,carayao
183,92,BD,94,23.03,91.5069,76.62,5.61,1619032888,chhagalnaiya
184,91,RU,92,64.75,177.4833,14.0,8.95,1619032889,anadyr
185,0,BR,70,-7.2597,-34.9075,84.2,9.22,1619032889,conde
186,100,GL,71,60.1432,-45.2371,39.04,5.57,1619032890,nanortalik
187,0,AR,50,-38.5473,-58.7368,77.0,13.0,1619032662,necochea
188,75,SJ,68,78.2186,15.6401,24.8,17.27,1619032890,longyearbyen
189,75,CL,71,-41.8697,-73.8203,57.99,4.61,1619032891,ancud
190,20,ES,60,29.0605,-13.564,69.8,17.27,1619032891,teguise
191,36,IN,77,11.6667,92.75,81.23,6.93,1619032891,port blair
192,40,VE,51,7.7669,-72.225,89.6,13.8,1619032892,san cristobal
193,0,SA,48,18.2164,42.5053,68.0,4.61,1619032892,abha
194,90,CA,93,63.7506,-68.5145,26.6,13.8,1619032893,iqaluit
195,71,BR,83,-2.5364,-57.76,81.37,2.53,1619032893,urucara
196,68,GB,64,51.9997,-0.9878,48.99,1.99,1619032894,buckingham
197,24,ZA,82,-33.5906,26.891,69.46,5.35,1619032674,port alfred
198,100,CN,31,41.7597,86.1469,65.73,3.36,1619032894,korla
199,3,NA,46,-17.9333,19.7667,65.52,6.26,1619032895,rundu
200,75,MU,94,-20.5167,57.5167,77.0,9.22,1619032895,souillac
201,100,MX,42,16.3167,-91.9833,80.04,9.28,1619032895,las margaritas
202,100,NA,56,-22.9575,14.5053,71.6,2.3,1619032896,walvis bay
203,5,AU,71,-35.35,150.4667,48.2,9.22,1619032896,ulladulla
204,40,VN,89,16.0678,108.2208,78.8,4.61,1619032617,turan
205,3,CN,57,25.7,100.1833,55.74,6.06,1619032897,dali
206,14,MX,7,25.35,-105.7333,78.35,20.6,1619032897,santa catarina de tepehuanes
207,94,RU,64,65.5833,-171.0,24.3,2.91,1619032898,lavrentiya
208,69,ZA,77,-33.0117,17.9442,59.0,1.16,1619032898,saldanha
209,0,FR,71,46.25,3.5833,51.8,4.61,1619032899,vichy
210,88,CN,16,40.2833,97.2,59.58,5.37,1619032899,yumen
211,1,GL,54,69.2167,-51.1,24.8,6.91,1619032899,ilulissat
212,20,CA,57,47.6666,-52.7314,50.0,18.41,1619032642,torbay
213,65,TN,12,32.9297,10.4518,84.2,5.75,1619032900,tatawin
214,75,CL,54,-45.5752,-72.0662,53.6,8.05,1619032657,coihaique
215,75,BB,57,13.2167,-59.5167,82.4,20.71,1619032901,bathsheba
216,100,IL,100,31.61,34.7642,66.0,7.52,1619032623,gat
217,4,MX,15,27.6667,-105.1667,82.26,12.75,1619032901,camargo
218,47,RU,92,53.5739,142.9478,20.71,4.21,1619032902,okha
219,75,FO,81,62.2266,-6.589,42.8,10.36,1619032902,klaksvik
220,90,TR,58,40.0458,42.1728,57.09,2.98,1619032902,horasan
221,90,IR,72,37.2808,49.5832,64.22,8.28,1619032903,rasht
222,90,CA,63,62.456,-114.3525,23.0,23.02,1619032903,yellowknife
223,1,US,21,32.2163,-80.7526,84.2,11.5,1619032904,hilton head island
224,1,GL,69,64.1835,-51.7216,33.8,14.97,1619032904,nuuk
225,9,PE,56,-5.5569,-80.8222,81.82,11.23,1619032905,sechura
226,90,RU,100,71.9167,114.0833,-9.51,5.68,1619032638,saskylakh
227,0,JP,38,35.1333,140.3,59.0,12.66,1619032906,katsuura
228,99,US,79,41.1312,-74.3674,48.99,7.0,1619032906,west milford
229,14,NC,80,-21.55,167.8833,72.63,6.22,1619032906,tadine
230,0,MM,68,18.8167,95.2167,83.37,4.25,1619032907,pyay
231,100,ES,95,40.4165,0.4271,50.0,4.0,1619032907,benicarlo
232,100,CV,68,14.8961,-24.4956,73.96,11.41,1619032908,sao filipe
233,40,IT,61,46.6166,10.7002,55.4,6.91,1619032908,lasa
234,90,AU,94,-33.8667,121.9,57.2,3.44,1619032908,esperance
235,20,US,34,30.2947,-81.3931,84.99,13.8,1619032909,jacksonville beach
236,100,RU,49,62.8629,51.8905,47.3,11.34,1619032909,sindor
237,99,NZ,87,-46.2817,169.8464,53.01,1.99,1619032909,kaitangata
238,0,RU,77,67.45,153.6833,24.62,8.08,1619032910,srednekolymsk
239,90,IS,76,63.8424,-22.4338,44.6,14.97,1619032658,grindavik
240,75,US,72,41.1415,-73.3579,60.8,11.5,1619032713,westport
241,20,AM,63,40.0,45.0,62.6,3.44,1619032911,armenia
242,100,RU,88,42.5999,46.5446,44.73,2.95,1619032911,siukh
243,40,TO,88,-18.65,-173.9833,77.0,12.19,1619032912,neiafu
244,40,US,33,33.194,-82.5271,77.0,19.57,1619032912,avera
245,100,RU,99,59.9258,32.3382,33.01,5.66,1619032912,volkhov
246,100,BS,74,26.5412,-77.0636,80.44,12.95,1619032913,marsh harbour
247,39,RU,96,59.3733,28.6134,37.54,4.25,1619032913,kingisepp
248,81,PG,98,-6.1219,141.2906,71.73,1.05,1619032914,kiunga
249,100,RU,91,67.3661,32.4981,32.61,3.78,1619032914,polyarnyye zori
250,90,PE,88,-7.8447,-79.1469,66.2,11.5,1619032915,chicama
251,100,CA,65,48.4488,-68.524,37.4,4.61,1619032706,rimouski
252,75,YT,78,-12.7336,45.2042,82.4,10.36,1619032916,koungou
253,66,MX,47,16.5167,-98.75,86.79,11.56,1619032916,tecoanapa
254,12,PE,75,-10.0681,-78.1522,73.63,12.3,1619032917,huarmey
255,0,FR,54,46.1667,1.8667,55.4,3.44,1619032917,gueret
256,71,RU,89,63.1994,75.4507,15.1,9.86,1619032917,noyabrsk
257,0,MR,73,20.931,-17.0347,68.0,24.16,1619032918,nouadhibou
258,96,PL,66,53.5329,16.0113,45.0,1.99,1619032761,zlocieniec
259,100,RU,96,62.5333,155.8,23.14,6.6,1619032918,omsukchan
260,83,ZA,89,-28.783,32.0377,69.31,4.09,1619032827,richards bay
261,94,CO,66,1.9761,-75.7945,79.18,5.44,1619032919,suaza
262,1,AU,94,-28.8667,153.5667,57.2,4.61,1619032919,ballina
263,100,GB,66,52.0568,-2.7148,51.01,1.99,1619032920,hereford
264,100,CN,33,46.0833,127.4,56.88,6.53,1619032920,bayan
265,100,MG,77,-16.7833,47.65,74.26,8.1,1619032921,tsaratanana
266,90,US,37,28.017,-97.5169,71.6,5.75,1619032921,san patricio
267,0,RU,46,53.6039,91.3903,26.6,6.71,1619032922,belyy yar
268,84,NA,31,-18.0607,13.84,71.85,9.86,1619032922,opuwo
269,33,RU,99,62.6667,135.6,-3.59,3.0,1619032922,khandyga
270,100,RU,88,66.8333,70.8333,33.15,12.1,1619032923,yar-sale
271,40,PF,65,-17.7333,-149.15,82.4,2.3,1619032923,tautira
272,43,SO,79,9.4942,50.8122,82.71,8.19,1619032924,bandarbeyla
273,100,OM,73,17.0151,54.0924,81.07,4.65,1619032924,salalah
274,100,PT,90,39.05,-27.9833,63.68,30.85,1619032924,lagoa
275,100,BR,77,-17.7125,-39.2481,78.33,5.19,1619032925,caravelas
276,40,PE,58,-8.3791,-74.5539,87.8,4.61,1619032754,pucallpa
277,75,US,49,39.1834,-84.5333,45.0,13.8,1619032926,hamilton
278,96,BR,84,-5.3686,-49.1178,79.83,1.23,1619032926,maraba
279,0,PE,73,-12.1167,-77.05,72.0,9.22,1619032927,san isidro
280,100,RU,85,56.45,138.1667,27.95,1.88,1619032927,ayan
281,96,NZ,97,-46.1333,167.6833,46.99,1.01,1619032928,tuatapere
282,20,BR,57,-20.3297,-40.2925,84.0,6.91,1619032928,vila velha
283,100,RU,48,58.249,52.1026,44.76,14.03,1619032929,yar
284,100,GA,87,-3.432,10.6554,80.1,4.94,1619032929,mayumba
285,40,US,50,55.3422,-131.6461,51.8,12.66,1619032929,ketchikan
286,23,CN,90,28.3669,121.36,59.61,3.27,1619032930,wenling
287,5,UY,63,-33.6971,-53.4616,71.28,16.67,1619032930,chuy
288,100,RU,94,70.6333,147.9167,16.77,10.83,1619032931,chokurdakh
289,20,US,69,20.8783,-156.6825,78.8,6.91,1619032931,lahaina
290,11,RU,92,58.6978,81.4825,15.44,5.03,1619032932,parabel
291,79,MN,56,49.4867,105.9228,27.99,14.97,1619032932,darhan
292,90,US,75,42.2506,-75.833,37.99,14.97,1619032932,broome
293,83,SS,50,8.4596,25.678,83.17,9.55,1619032933,raga
294,40,UA,61,48.4475,27.4168,49.37,7.2,1619032933,sokyryany
295,100,RU,90,53.9711,38.3363,38.95,7.63,1619032934,donskoy
296,75,US,37,37.2001,-94.3502,51.8,13.8,1619032934,jasper
297,100,MN,70,49.9811,92.0667,28.92,2.71,1619032934,ulaangom
298,75,US,55,42.1584,-72.3287,64.4,16.11,1619032935,palmer
299,0,CN,65,39.2333,106.7694,56.73,2.55,1619032935,shizuishan
300,100,PG,82,-3.6667,152.4333,77.76,2.62,1619032936,namatanai
301,36,RU,91,62.8833,152.4333,13.68,1.21,1619032936,seymchan
302,10,SO,48,9.56,44.065,75.18,3.0,1619032937,hargeysa
303,75,RU,53,64.5635,39.8302,46.4,20.13,1619032937,severodvinsk
304,100,ID,88,-0.9492,100.3543,76.48,1.79,1619032938,padang
305,20,IE,81,51.55,-9.2667,50.0,11.5,1619032938,skibbereen
306,100,BR,93,-1.195,-46.02,77.13,2.89,1619032938,carutapera
307,100,SL,85,7.5264,-12.505,80.78,5.97,1619032939,bonthe
308,40,UY,68,-34.6667,-54.9167,75.0,10.36,1619032849,maldonado
309,100,NA,70,-26.6481,15.1594,67.33,8.99,1619032939,luderitz
310,100,ID,86,4.1363,96.1285,77.86,3.67,1619032940,meulaboh
311,19,MR,6,20.5022,-10.0711,89.28,8.88,1619032940,adrar
312,100,AU,80,-34.7333,135.8667,59.49,12.91,1619032651,port lincoln
313,100,IN,35,27.9,79.2,77.0,6.29,1619032941,kakrala
314,40,CA,54,68.2191,-135.0107,24.8,10.36,1619032941,aklavik
315,100,RU,98,61.8099,36.5345,35.1,4.85,1619032942,pudozh
316,0,CL,68,-29.9533,-71.3436,66.2,14.97,1619032942,coquimbo
317,1,US,48,36.3008,-119.7829,66.99,6.91,1619032688,lemoore
318,10,TM,29,38.4362,57.4316,71.94,15.26,1619032943,baherden
319,75,RE,83,-21.3393,55.4781,77.0,12.66,1619032943,saint-pierre
320,100,MG,69,-13.2,49.05,77.34,7.74,1619032943,ambilobe
321,1,CA,40,55.2999,-123.1698,50.0,3.44,1619032944,mackenzie
322,0,ML,7,22.6783,-3.9836,93.97,7.65,1619032868,taoudenni
323,100,PH,91,15.7568,121.5503,76.78,4.83,1619032944,suclayin
324,92,ID,80,-3.6954,128.1814,80.67,4.68,1619032945,ambon
325,100,US,50,45.3038,-93.5672,41.0,10.25,1619032945,elk river
326,75,CA,61,50.2001,-66.3821,42.8,11.5,1619032946,sept-iles
327,75,US,56,39.447,-86.1758,46.0,13.8,1619032946,bud
328,75,GL,29,60.9167,-46.05,48.2,27.63,1619032663,narsaq
329,0,SA,20,26.326,43.975,82.4,2.3,1619032947,buraydah
330,5,MV,70,3.7833,72.9667,82.85,7.94,1619032947,mahibadhoo
331,15,RO,55,46.4333,26.4,46.99,5.48,1619032948,asau
332,100,CN,92,34.6836,112.4536,51.31,2.8,1619032948,luoyang
333,40,NO,64,67.667,12.6934,35.6,13.8,1619032932,sorland
334,5,AU,91,-25.5333,152.7,64.99,4.0,1619032949,maryborough
335,60,CD,95,2.7739,27.616,68.14,2.93,1619032949,isiro
336,73,RU,92,65.7,82.4667,12.29,9.64,1619032949,krasnoselkup
337,20,IN,62,11.0775,77.8836,84.52,5.44,1619032950,kodumudi
338,100,IS,86,65.0757,-22.7297,40.66,3.76,1619032950,stykkisholmur
339,100,SO,68,5.3505,48.5268,84.78,15.01,1619032951,hobyo
340,100,RU,49,62.2248,49.9922,46.92,11.68,1619032951,aykino
341,0,CL,53,-20.2208,-70.1431,71.6,19.57,1619032951,iquique
342,0,RU,74,46.5389,138.3297,36.21,1.03,1619032952,svetlaya
343,75,UZ,66,40.4272,71.7189,50.0,6.91,1619032952,komsomolskiy
344,75,NO,55,69.3143,16.1194,35.01,11.5,1619032953,andenes
345,34,RU,54,54.3,110.3,21.42,3.47,1619032953,kurumkan
346,100,RU,93,52.3185,42.4937,43.23,6.82,1619032953,inzhavino
347,100,CA,61,47.3821,-61.8597,44.6,10.36,1619032954,cap-aux-meules
348,40,KH,94,10.6167,104.1833,80.6,3.44,1619032954,kampot
349,58,ID,93,-0.8917,119.8707,74.64,2.98,1619032955,palu
350,17,BR,83,-8.8389,-69.2597,82.27,3.27,1619032955,manoel urbano
351,75,RU,93,59.7775,30.8181,36.0,2.24,1619032955,otradnoye
352,75,US,49,39.2048,-84.428,45.0,13.8,1619032956,amberley
353,0,IR,22,35.3022,51.5358,77.0,4.61,1619032956,eqbaliyeh
354,90,CA,80,58.5169,-117.136,33.8,23.02,1619032957,high level
355,100,TD,12,13.4667,22.2,85.05,2.55,1619032957,adre
356,32,AO,89,-8.5785,13.6643,77.25,2.71,1619032957,caxito
357,20,BR,70,-5.1989,-35.4608,84.2,16.11,1619032668,touros
358,100,TH,79,9.9658,98.6348,81.01,5.28,1619032958,ranong
359,0,EG,19,26.7693,31.5021,86.0,14.97,1619032958,tahta
360,1,US,41,64.8378,-147.7164,39.99,2.77,1619032959,fairbanks
361,57,US,71,34.6391,-120.4579,55.4,10.36,1619032959,lompoc
362,100,PG,94,-6.2887,145.8655,60.17,2.84,1619032960,kainantu
363,100,CA,23,54.1502,-113.8688,62.6,10.36,1619032960,westlock
364,75,CA,22,49.4992,-98.0016,55.4,16.11,1619032960,carman
365,4,LY,21,31.4451,12.9801,74.48,17.94,1619032961,mizdah
366,100,ES,92,42.7762,-9.0603,57.0,5.41,1619032961,muros
367,0,RU,54,64.3833,-173.3,28.4,4.47,1619032962,provideniya
368,98,TZ,74,-4.9,35.7833,65.89,3.02,1619032685,kondoa
369,100,GL,78,61.994,-49.6678,34.5,5.41,1619032962,paamiut
370,0,BR,70,-6.9811,-34.8339,84.2,9.22,1619032740,cabedelo
371,75,IR,77,37.2061,50.0029,68.0,2.3,1619032963,lahijan
372,62,NG,79,4.9247,6.2642,81.64,7.4,1619032963,yenagoa
373,100,SO,74,2.0371,45.3438,83.89,12.37,1619032964,mogadishu
374,67,BR,75,-4.6667,-44.85,82.33,2.64,1619032964,pocao de pedras
375,2,AU,78,-34.5833,150.8552,51.01,1.01,1619032964,flinders
376,1,US,53,60.5544,-151.2583,46.4,17.27,1619032965,kenai
377,100,CI,79,4.423,-7.3528,82.38,8.9,1619032965,tabou
378,85,RU,64,66.3167,-179.1667,18.36,3.29,1619032965,egvekinot
379,100,RU,96,62.1215,39.3192,36.66,12.12,1619032966,konevo
380,85,AO,68,-10.7073,22.2247,71.26,2.44,1619032967,luau
381,20,CO,52,11.2408,-74.199,95.0,8.05,1619032838,santa marta
382,40,BR,70,-0.0583,-51.1817,86.0,6.91,1619032967,santana
383,100,PH,89,17.0818,122.4157,75.79,5.97,1619032968,dicabisagan
384,75,US,52,44.9,-89.7668,39.2,3.44,1619032968,marathon
385,100,RU,37,52.1352,113.4974,32.0,15.66,1619032968,smolenka
386,39,BR,57,-13.2286,-39.5047,85.69,3.67,1619032969,mutuipe
387,20,US,73,20.8947,-156.47,78.8,6.53,1619032969,kahului
388,95,RU,80,50.6132,40.3549,46.56,7.11,1619032970,vorontsovka
389,90,CA,59,48.3835,-77.2328,26.6,13.8,1619032970,senneterre
390,18,MN,40,45.7625,106.2708,48.24,9.26,1619032871,mandalgovi
391,100,ES,90,39.9667,-0.25,55.0,1.99,1619032971,onda
392,100,PH,89,14.0453,124.1694,78.26,7.61,1619032971,pandan
393,1,MX,32,22.8909,-109.9124,86.0,6.91,1619032971,cabo san lucas
394,100,RU,91,51.3223,42.7678,45.0,7.63,1619032972,kamenka
395,58,GB,71,54.2797,-0.4044,43.0,7.29,1619032972,scarborough
396,0,BW,41,-19.6667,22.2667,66.69,6.78,1619032973,nokaneng
397,90,ID,87,-3.3667,135.4833,76.32,2.73,1619032973,nabire
398,0,AR,45,-45.8667,-67.5,62.6,17.27,1619032974,comodoro rivadavia
399,2,ZM,57,-17.2614,27.4618,71.49,4.79,1619032974,sinazongwe
400,0,RU,81,55.2163,38.7626,41.0,4.47,1619032974,peski
401,9,PK,20,27.7384,66.6434,73.0,1.9,1619032975,khuzdar
402,75,RU,93,54.6366,83.3045,28.4,8.95,1619032975,iskitim
403,1,US,23,46.7313,-117.1796,59.0,4.61,1619032976,pullman
404,100,PH,89,13.3068,123.3425,77.23,4.36,1619032976,buluang
405,0,BY,81,53.9,27.5667,48.2,8.95,1619032770,minsk
406,75,BO,78,-17.1167,-63.2333,80.6,13.8,1619032977,mineros
407,73,BR,69,-1.7656,-55.8661,83.98,1.1,1619032977,oriximina
408,0,RU,48,56.801,59.9303,37.4,2.24,1619032978,revda
409,98,UA,73,48.5277,37.7069,49.66,7.65,1619032978,kostyantynivka
410,20,KY,62,19.3667,-81.4167,86.0,12.66,1619032813,west bay
411,4,AU,68,-20.3167,118.5667,68.0,9.22,1619032979,port hedland
412,9,RU,84,54.4299,31.8996,40.46,7.58,1619032980,sobolevo
413,100,IN,29,25.35,78.5333,80.51,5.75,1619032980,khailar
414,95,RU,67,54.3419,101.5036,23.65,3.36,1619032981,kuytun
415,100,RU,91,50.6789,156.125,35.51,8.7,1619032981,severo-kurilsk
416,90,AU,93,-41.45,147.1667,51.01,12.66,1619032981,launceston
417,0,PE,64,-13.7,-76.2167,73.4,25.32,1619032982,pisco
418,90,SE,75,62.487,17.3257,39.99,19.57,1619032982,timra
419,4,JP,80,34.6667,138.95,52.0,3.0,1619032983,shimoda
420,75,CV,78,16.1833,-22.9167,71.6,17.27,1619032983,sal rei
421,40,CN,54,50.2441,127.4902,51.8,15.66,1619032983,heihe
422,100,RU,96,66.0,111.5,2.12,5.17,1619032984,aykhal
423,100,RU,90,57.1516,41.4732,37.81,7.36,1619032984,kaminskiy
424,100,GL,70,72.7868,-56.1549,18.39,6.64,1619032985,upernavik
425,20,IS,65,64.2539,-15.2082,41.0,3.44,1619032985,hofn
426,1,US,44,64.8569,-147.8028,39.0,3.44,1619032985,college
427,90,PA,66,9.2319,-80.0867,86.0,11.99,1619032986,palmas bellas
428,5,MV,69,2.9167,73.5667,82.53,6.85,1619032874,muli
429,31,AR,67,-36.8927,-60.3225,73.99,10.0,1619032986,olavarria
430,100,BR,96,-6.4006,-48.555,74.8,1.77,1619032851,sao geraldo do araguaia
431,57,IR,15,29.106,58.357,80.26,6.64,1619032987,bam
432,75,MU,94,-20.2078,57.7625,77.0,9.22,1619032987,quatre cocos
433,0,AE,78,24.4667,54.3667,80.6,5.75,1619032983,abu dhabi
434,83,AU,86,-41.0667,145.9167,48.99,5.99,1619032988,burnie
435,100,IS,83,64.8945,-23.7142,42.21,6.17,1619032988,olafsvik
436,80,PL,66,50.9728,18.2182,52.0,5.01,1619032989,kluczbork
437,20,GR,44,37.9795,23.7162,61.0,2.42,1619032704,athens
438,89,RU,90,45.2333,147.8833,30.99,12.12,1619032989,kurilsk
439,0,BW,44,-23.1862,27.4886,66.11,6.51,1619032990,machaneng
440,0,OM,41,22.5667,59.5289,85.82,9.95,1619032990,sur
441,100,RU,95,51.2328,48.7659,40.46,17.2,1619032991,dergachi
442,38,LY,27,31.6682,20.2521,68.79,11.68,1619032697,suluq
443,40,EC,65,-2.4667,-78.1667,77.0,10.36,1619032991,sucua
444,100,RU,94,69.3,139.9,1.78,5.3,1619032992,deputatskiy
445,5,MM,34,23.6333,94.4167,75.18,1.48,1619032992,mawlaik
446,96,ET,32,12.5058,39.5228,62.91,4.38,1619032992,korem
447,80,VN,95,15.1167,108.8,75.42,4.54,1619032993,quang ngai
448,0,IQ,32,33.3406,44.4009,84.2,4.61,1619032993,baghdad
449,90,CN,94,26.5833,106.7167,60.8,4.47,1619032994,guiyang
450,100,RU,96,60.8953,131.9608,11.62,2.66,1619032994,amga
451,0,PR,83,18.0072,-65.8993,84.0,7.0,1619032994,maunabo
452,40,IN,61,25.5667,84.6667,80.6,5.95,1619032995,arrah
453,0,NA,24,-24.1333,19.1167,68.92,8.68,1619032995,aranos
454,100,MG,86,-21.2167,48.3333,72.9,2.3,1619032996,mananjary
455,0,LY,67,32.767,22.6367,59.45,5.88,1619032996,darnah
456,8,JP,61,32.1906,130.0228,60.51,5.35,1619032996,ushibuka
457,99,CA,58,68.3499,-133.7218,21.2,20.71,1619032997,inuvik
458,100,RU,92,69.4865,88.3972,11.89,8.75,1619032997,talnakh
459,40,SE,70,63.2909,18.7153,41.0,9.22,1619032997,ornskoldsvik
460,99,PG,83,-2.6741,141.3028,77.36,4.56,1619032998,vanimo
461,100,RU,59,63.3667,47.9167,45.01,13.69,1619032998,blagoyevo
462,91,CN,96,26.5911,111.8474,68.77,3.56,1619032999,qiyang
463,86,EG,18,24.0934,32.907,94.28,16.33,1619032999,aswan
464,100,RU,81,54.8092,36.3075,39.2,6.71,1619033000,detchino
465,26,UY,66,-34.4833,-54.3333,71.85,16.33,1619033000,rocha
466,16,GB,61,57.4667,-1.7833,44.01,9.22,1619033000,boddam
467,0,IR,68,37.3807,55.4916,71.6,6.91,1619033001,kalaleh
468,94,AO,90,-7.6087,15.0613,68.92,2.08,1619033001,uige
469,12,RU,97,62.5353,113.9611,2.98,3.8,1619033001,mirnyy
470,90,MX,52,15.7432,-96.4661,91.99,9.22,1619033002,pochutla
471,60,GB,57,57.4129,-6.1942,46.0,1.01,1619033002,portree
472,1,US,6,37.1041,-113.5841,78.8,26.46,1619033003,saint george
473,1,US,57,21.3906,-158.1547,80.6,5.75,1619033003,nanakuli
474,0,BR,43,-30.9828,-54.6731,79.88,10.27,1619033004,dom pedrito
475,90,US,82,36.6177,-121.9166,53.6,6.91,1619033004,pacific grove
476,75,BR,74,-0.1303,-67.0892,86.0,3.44,1619033004,sao gabriel da cachoeira
477,94,NE,7,18.7369,7.3853,93.33,6.38,1619033005,arlit
478,1,US,48,37.9333,-121.3011,72.0,3.44,1619033005,san joaquin
479,16,RU,96,56.4915,103.96,7.38,0.65,1619033006,shestakovo
480,96,AU,89,-37.8811,147.981,44.01,9.42,1619033006,lakes entrance
481,100,CN,25,38.4953,102.1739,57.33,3.51,1619033007,jinchang
482,96,KZ,37,45.3167,55.2,50.76,23.53,1619033007,beyneu
483,40,CL,67,-39.8142,-73.2459,59.0,6.91,1619032838,valdivia
484,90,CA,58,49.7834,-74.8492,23.0,5.75,1619033008,chapais
485,100,CN,35,42.1167,118.7833,50.04,5.99,1619033008,mujiayingzi
486,100,RU,93,56.8479,124.9104,23.04,11.86,1619033008,chulman
487,12,AO,87,-8.8368,13.2343,80.53,7.58,1619032951,luanda
488,75,CA,43,49.1215,-85.8403,33.8,8.05,1619033009,manitouwadge
489,38,EG,26,28.419,30.7792,73.58,22.12,1619033009,matay
490,10,RU,80,58.0425,65.2726,37.6,4.68,1619033010,tavda
491,0,BR,78,-5.8092,-61.3003,82.4,4.61,1619033010,manicore
492,75,NO,80,69.3913,20.2679,35.6,9.22,1619033011,skibotn
493,0,TR,23,38.5,38.0,59.0,4.61,1619033011,malatya
494,75,NO,80,68.5646,14.9108,33.8,3.44,1619033011,stokmarknes
495,94,CA,67,44.0787,-80.2041,35.01,15.68,1619033012,shelburne
496,1,CA,22,49.2306,-100.0559,57.0,20.71,1619033012,boissevain
497,100,ZA,88,-34.0527,23.3716,65.32,5.21,1619033013,plettenberg bay
498,16,ET,74,9.3094,42.1258,61.39,0.92,1619033013,harer
499,20,MY,83,5.8402,118.1179,80.6,2.3,1619032944,sandakan
500,35,RU,64,69.3833,178.4167,24.85,7.14,1619033014,leningradskiy
501,59,PF,76,-16.7,-151.0167,80.87,14.94,1619033014,fare
502,0,AU,54,-20.7377,116.8463,77.88,8.39,1619032803,karratha
503,35,UZ,78,39.9606,68.3958,45.59,3.06,1619033015,zomin
504,0,KZ,49,47.8043,67.7144,39.92,6.06,1619033015,zhezkazgan
505,100,ES,99,43.2686,-7.5406,55.0,1.99,1619033015,bereda
506,21,ID,71,-5.6667,132.75,83.14,4.34,1619033016,tual
507,100,CN,84,32.3174,121.1855,64.99,15.08,1619033016,juegang
508,9,KZ,60,48.6814,71.6433,37.2,7.96,1619033016,atasu
509,1,US,14,35.1981,-111.6513,62.01,24.16,1619032847,flagstaff
510,71,CA,26,60.7522,-137.5108,41.0,4.61,1619033017,haines junction
511,58,IN,51,28.0667,95.3333,72.84,4.76,1619033018,pasighat
512,3,IN,77,22.2394,68.9678,80.56,11.1,1619033018,dwarka
513,89,PH,76,7.9868,117.0645,81.03,12.1,1619033018,balabac
514,75,CA,47,45.4112,-75.6981,39.0,6.91,1619033019,ottawa
515,100,RU,98,59.5667,150.8,30.54,6.55,1619033019,magadan
516,75,PT,94,37.7167,-25.4333,62.6,14.97,1619033019,vila franca do campo
517,0,NO,87,70.8578,29.0864,39.2,10.36,1619033020,berlevag
518,0,JP,38,35.1,140.1,59.0,12.66,1619033020,kamogawa
519,40,CA,50,47.8169,-79.8664,26.6,9.22,1619033021,englehart
520,100,IN,77,29.85,80.5333,57.51,4.09,1619033021,dharchula
521,95,LK,75,7.4167,81.8167,80.35,1.63,1619033022,kalmunai
522,73,BR,85,-6.5339,-64.3831,82.2,3.4,1619033022,canutama
523,20,JM,70,18.451,-78.1736,86.0,16.11,1619033023,lucea
524,40,ID,83,-8.45,115.6167,77.0,3.44,1619033023,karangasem
525,40,TZ,94,-10.6833,35.65,69.8,1.88,1619033023,songea
526,0,CN,53,24.1877,102.817,59.45,3.47,1619033024,xingyi
527,25,RU,90,53.3224,81.498,26.87,6.93,1619033024,tyumentsevo
528,40,MX,58,21.2311,-86.731,89.6,10.36,1619033025,isla mujeres
529,100,RU,96,66.4167,112.4,0.54,3.27,1619033025,udachnyy
530,75,AU,100,-37.8333,140.7667,50.0,8.05,1619032988,mount gambier
531,0,AU,47,-25.2406,130.9889,53.6,5.75,1619033026,yulara
532,13,CA,25,54.1169,-112.4686,66.2,9.22,1619033026,smoky lake
533,1,US,30,38.421,-121.4238,73.0,3.44,1619032857,laguna
534,75,AI,65,18.217,-63.0578,84.2,18.41,1619033003,the valley
535,22,PR,69,18.0866,-67.1457,84.99,5.99,1619033027,cabo rojo
536,75,GL,29,60.7167,-46.0333,48.2,27.63,1619032960,qaqortoq
537,75,US,78,24.5557,-81.7826,82.99,6.91,1619033027,key west
538,86,BR,76,-4.8278,-42.1686,82.74,1.54,1619033028,campo maior
539,75,US,33,33.5337,-82.1307,75.99,10.36,1619032987,evans
540,100,IN,92,34.1667,77.5833,31.77,3.96,1619033028,leh
541,0,NG,59,7.3706,7.6253,83.71,4.79,1619033029,ankpa
542,75,JP,83,26.185,127.675,71.6,10.36,1619033029,tomigusuku
543,0,AU,94,-28.65,153.6167,57.2,4.61,1619033030,byron bay
544,20,US,66,58.3019,-134.4197,48.2,5.75,1619033030,juneau
545,75,JP,76,35.55,133.2333,46.4,3.44,1619033031,sakaiminato
546,5,NG,51,7.3833,8.5667,88.11,9.26,1619033031,yaan
547,100,CL,97,-35.3333,-72.4167,58.53,18.45,1619033031,constitucion
548,75,EG,24,25.2934,32.554,95.0,3.44,1619033032,esna
549,100,LV,75,56.6048,25.2553,42.01,6.33,1619033033,aizkraukle
550,96,RU,82,50.35,90.5,17.91,5.37,1619033033,mugur-aksy
551,0,RU,68,55.9519,93.1461,19.4,2.24,1619033033,zykovo
552,100,ZM,64,-13.4659,25.0027,68.56,4.09,1619033034,kalengwa
553,90,ID,81,5.5577,95.3222,80.4,8.52,1619033034,banda aceh
554,75,RU,66,54.5703,20.171,46.4,13.42,1619033035,ladushkin
555,72,CN,70,47.8667,88.1167,32.36,7.0,1619033035,altay
556,20,GA,89,-0.7193,8.7815,82.4,3.44,1619033035,port-gentil
557,75,US,93,37.4636,-122.4286,64.99,5.75,1619033036,half moon bay
558,40,CL,82,-33.0393,-71.6273,66.2,8.05,1619032961,valparaiso
559,6,RU,89,53.1333,132.9,25.5,4.88,1619033036,tokur
560,100,RU,86,55.5529,34.9954,41.65,8.97,1619033037,gagarin
561,78,ID,87,-8.1181,111.8935,73.4,0.83,1619033037,boyolangu
562,79,LY,20,29.0331,21.5482,73.49,9.64,1619033038,jalu
563,86,KZ,64,51.6667,75.3667,33.24,10.45,1619033038,ekibastuz
564,95,RU,94,57.3064,88.1667,20.32,4.47,1619033039,teguldet
565,14,ID,88,-7.7431,110.5794,71.62,2.8,1619033039,wedi
566,68,RU,94,53.6667,124.8,30.87,5.08,1619033039,taldan
567,20,IN,83,12.9964,80.2031,82.4,3.44,1619033040,saint thomas mount
